theta1_deg,m04_theta1_return_delta_mm,theta2_deg,m04_theta2_return_delta_mm
-20.0,2.372892,0.0,0.000000
-19.8,2.348917,0.2,0.013457
-19.6,2.324934,0.4,0.026930
-19.4,2.300944,0.6,0.040410
-19.2,2.276946,0.8,0.053901
-19.0,2.252942,1.0,0.067402
-18.8,2.228931,1.2,0.080912
-18.6,2.204913,1.4,0.094433
-18.4,2.180889,1.6,0.107964
-18.2,2.156857,1.8,0.121504
-18.0,2.132819,2.0,0.135054
-17.8,2.108775,2.2,0.148614
-17.6,2.084724,2.4,0.162183
-17.4,2.060667,2.6,0.175760
-17.2,2.036604,2.8,0.189347
-17.0,2.012534,3.0,0.202943
-16.8,1.988459,3.2,0.216548
-16.6,1.964377,3.4,0.230161
-16.4,1.940289,3.6,0.243783
-16.2,1.916195,3.8,0.257413
-16.0,1.892096,4.0,0.271051
-15.8,1.867991,4.2,0.284698
-15.6,1.843880,4.4,0.298352
-15.4,1.819764,4.6,0.312027
-15.2,1.795642,4.8,0.325705
-15.0,1.771515,5.0,0.339393
-14.8,1.747383,5.2,0.353090
-14.6,1.723245,5.4,0.366796
-14.4,1.699102,5.6,0.380512
-14.2,1.674954,5.8,0.394237
-14.0,1.650802,6.0,0.407971
-13.8,1.626644,6.2,0.421714
-13.6,1.602481,6.4,0.435466
-13.4,1.578314,6.6,0.449226
-13.2,1.554142,6.8,0.462994
-13.0,1.529966,7.0,0.476771
-12.8,1.505785,7.2,0.490556
-12.6,1.481600,7.4,0.504349
-12.4,1.457411,7.6,0.518150
-12.2,1.433217,7.8,0.531958
-12.0,1.409020,8.0,0.545775
-11.8,1.384818,8.2,0.559598
-11.6,1.360613,8.4,0.573429
-11.4,1.336403,8.6,0.587279
-11.2,1.312191,8.8,0.601132
-11.0,1.287974,9.0,0.614994
-10.8,1.263754,9.2,0.628865
-10.6,1.239531,9.4,0.642745
-10.4,1.215305,9.6,0.656633
-10.2,1.191075,9.8,0.670530
-10.0,1.166842,10.0,0.684435
-9.8,1.142607,10.2,0.698349
-9.6,1.118369,10.4,0.712270
-9.4,1.094128,10.6,0.726199
-9.2,1.069885,10.8,0.740137
-9.0,1.045639,11.0,0.754081
-8.8,1.021391,11.2,0.768034
-8.6,0.997141,11.4,0.781993
-8.4,0.972889,11.6,0.795960
-8.2,0.948635,11.8,0.809934
-8.0,0.924380,12.0,0.823915
-7.8,0.900124,12.2,0.837902
-7.6,0.875866,12.4,0.851896
-7.4,0.851607,12.6,0.865908
-7.2,0.827348,12.8,0.879923
-7.0,0.803088,13.0,0.893946
-6.8,0.778828,13.2,0.907977
-6.6,0.754568,13.4,0.922017
-6.4,0.730309,13.6,0.936064
-6.2,0.706050,13.8,0.950119
-6.0,0.681792,14.0,0.964182
-5.8,0.657536,14.2,0.978252
-5.6,0.633282,14.4,0.992330
-5.4,0.609030,14.6,1.006415
-5.2,0.584782,14.8,1.020506
-5.0,0.560537,15.0,1.034605
-4.8,0.536298,15.2,1.048711
-4.6,0.512063,15.4,1.062823
-4.4,0.487836,15.6,1.076941
-4.2,0.463616,15.8,1.091066
-4.0,0.439406,16.0,1.105198
-3.8,0.415207,16.2,1.119335
-3.6,0.391021,16.4,1.133478
-3.4,0.366851,16.6,1.147638
-3.2,0.342700,16.8,1.161800
-3.0,0.318573,17.0,1.175970
-2.8,0.294475,17.2,1.190148
-2.6,0.270412,17.4,1.204332
-2.4,0.246393,17.6,1.218524
-2.2,0.222430,17.8,1.232723
-2.0,0.198541,18.0,1.246929
-1.8,0.174748,18.2,1.261142
-1.6,0.151087,18.4,1.275361
-1.4,0.127609,18.6,1.289586
-1.2,0.104400,18.8,1.303818
-1.0,0.081603,19.0,1.318056
-0.8,0.059473,19.2,1.332300
-0.6,0.038516,19.4,1.346550
-0.4,0.019793,19.6,1.360805
-0.2,0.005613,19.8,1.375066
0.0,0.000000,20.0,1.389333
0.2,0.005613,20.2,1.403604
0.4,0.019793,20.4,1.417881
0.6,0.038516,20.6,1.432175
0.8,0.059473,20.8,1.446470
1.0,0.081603,21.0,1.460772
1.2,0.104400,21.2,1.475080
1.4,0.127609,21.4,1.489395
1.6,0.151087,21.6,1.503716
1.8,0.174748,21.8,1.518043
2.0,0.198541,22.0,1.532377
2.2,0.222430,22.2,1.546716
2.4,0.246393,22.4,1.561061
2.6,0.270412,22.6,1.575412
2.8,0.294475,22.8,1.589768
3.0,0.318573,23.0,1.604130
3.2,0.342700,23.2,1.618496
3.4,0.366851,23.4,1.632868
3.6,0.391021,23.6,1.647244
3.8,0.415207,23.8,1.661625
4.0,0.439406,24.0,1.676011
4.2,0.463616,24.2,1.690401
4.4,0.487836,24.4,1.704803
4.6,0.512063,24.6,1.719209
4.8,0.536298,24.8,1.733620
5.0,0.560537,25.0,1.748038
5.2,0.584782,25.2,1.762461
5.4,0.609030,25.4,1.776890
5.6,0.633282,25.6,1.791324
5.8,0.657536,25.8,1.805764
6.0,0.681792,26.0,1.820209
6.2,0.706050,26.2,1.834659
6.4,0.730309,26.4,1.849113
6.6,0.754568,26.6,1.863573
6.8,0.778828,26.8,1.878037
7.0,0.803088,27.0,1.892505
7.2,0.827348,27.2,1.906978
7.4,0.851607,27.4,1.921455
7.6,0.875866,27.6,1.935935
7.8,0.900124,27.8,1.950420
8.0,0.924380,28.0,1.964908
8.2,0.948635,28.2,1.979400
8.4,0.972889,28.4,1.993906
8.6,0.997141,28.6,2.008412
8.8,1.021391,28.8,2.022923
9.0,1.045639,29.0,2.037439
9.2,1.069885,29.2,2.051960
9.4,1.094128,29.4,2.066486
9.6,1.118369,29.6,2.081017
9.8,1.142607,29.8,2.095552
10.0,1.166842,30.0,2.110091
10.2,1.191075,30.2,2.124635
10.4,1.215305,30.4,2.139182
10.6,1.239531,30.6,2.153733
10.8,1.263754,30.8,2.168287
11.0,1.287974,31.0,2.182845
11.2,1.312191,31.2,2.197407
11.4,1.336403,31.4,2.211971
11.6,1.360613,31.6,2.226539
11.8,1.384818,31.8,2.241109
12.0,1.409020,32.0,2.255682
12.2,1.433217,32.2,2.270266
12.4,1.457411,32.4,2.284851
12.6,1.481600,32.6,2.299440
12.8,1.505785,32.8,2.314034
13.0,1.529966,33.0,2.328631
13.2,1.554142,33.2,2.343233
13.4,1.578314,33.4,2.357838
13.6,1.602481,33.6,2.372447
13.8,1.626644,33.8,2.387059
14.0,1.650802,34.0,2.401675
14.2,1.674954,34.2,2.416294
14.4,1.699102,34.4,2.430916
14.6,1.723245,34.6,2.445540
14.8,1.747383,34.8,2.460167
15.0,1.771515,35.0,2.474797
15.2,1.795642,35.2,2.489428
15.4,1.819764,35.4,2.504062
15.6,1.843880,35.6,2.518698
15.8,1.867991,35.8,2.533336
16.0,1.892096,36.0,2.547982
16.2,1.916195,36.2,2.562629
16.4,1.940289,36.4,2.577280
16.6,1.964377,36.6,2.591934
16.8,1.988459,36.8,2.606592
17.0,2.012534,37.0,2.621252
17.2,2.036604,37.2,2.635916
17.4,2.060667,37.4,2.650582
17.6,2.084724,37.6,2.665251
17.8,2.108775,37.8,2.679922
18.0,2.132819,38.0,2.694596
18.2,2.156857,38.2,2.709271
18.4,2.180889,38.4,2.723948
18.6,2.204913,38.6,2.738627
18.8,2.228931,38.8,2.753308
19.0,2.252942,39.0,2.767990
19.2,2.276946,39.2,2.782673
19.4,2.300944,39.4,2.797358
19.6,2.324934,39.6,2.812042
19.8,2.348917,39.8,2.826728
20.0,2.372892,40.0,2.841427
20.2,2.396861,40.2,2.856122
20.4,2.420822,40.4,2.870821
20.6,2.444776,40.6,2.885521
20.8,2.468722,40.8,2.900223
21.0,2.492661,41.0,2.914927
21.2,2.516592,41.2,2.929634
21.4,2.540515,41.4,2.944341
21.6,2.564431,41.6,2.959051
21.8,2.588338,41.8,2.973762
22.0,2.612238,42.0,2.988473
22.2,2.636130,42.2,3.003186
22.4,2.660013,42.4,3.017899
22.6,2.683888,42.6,3.032614
22.8,2.707756,42.8,3.047328
23.0,2.731614,43.0,3.062043
23.2,2.755465,43.2,3.076757
23.4,2.779306,43.4,3.091472
23.6,2.803140,43.6,3.106193
23.8,2.826964,43.8,3.120913
24.0,2.850780,44.0,3.135636
24.2,2.874588,44.2,3.150359
24.4,2.898386,44.4,3.165085
24.6,2.922175,44.6,3.179811
24.8,2.945956,44.8,3.194539
25.0,2.969727,45.0,3.209267
25.2,2.993490,45.2,3.223996
25.4,3.017242,45.4,3.238725
25.6,3.040986,45.6,3.253455
25.8,3.064720,45.8,3.268185
26.0,3.088445,46.0,3.282915
26.2,3.112161,46.2,3.297645
26.4,3.135867,46.4,3.312374
26.6,3.159563,46.6,3.327103
26.8,3.183249,46.8,3.341831
27.0,3.206926,47.0,3.356558
27.2,3.230592,47.2,3.371284
27.4,3.254249,47.4,3.386015
27.6,3.277896,47.6,3.400746
27.8,3.301533,47.8,3.415477
28.0,3.325159,48.0,3.430208
28.2,3.348775,48.2,3.444940
28.4,3.372381,48.4,3.459672
28.6,3.395977,48.6,3.474404
28.8,3.419562,48.8,3.489136
29.0,3.443136,49.0,3.503868
29.2,3.466700,49.2,3.518599
29.4,3.490254,49.4,3.533329
29.6,3.513796,49.6,3.548059
29.8,3.537328,49.8,3.562788
30.0,3.560849,50.0,3.577515
,,50.2,3.592241
,,50.4,3.606965
,,50.6,3.621687
,,50.8,3.636408
,,51.0,3.651126
,,51.2,3.665851
,,51.4,3.680572
,,51.6,3.695293
,,51.8,3.710014
,,52.0,3.724734
,,52.2,3.739453
,,52.4,3.754171
,,52.6,3.768888
,,52.8,3.783603
,,53.0,3.798317
,,53.2,3.813029
,,53.4,3.827739
,,53.6,3.842447
,,53.8,3.857153
,,54.0,3.871856
,,54.2,3.886556
,,54.4,3.901254
,,54.6,3.915949
,,54.8,3.930640
,,55.0,3.945340
,,55.2,3.960033
,,55.4,3.974725
,,55.6,3.989416
,,55.8,4.004105
,,56.0,4.018791
,,56.2,4.033476
,,56.4,4.048158
,,56.6,4.062838
,,56.8,4.077515
,,57.0,4.092189
,,57.2,4.106861
,,57.4,4.121529
,,57.6,4.136193
,,57.8,4.150855
,,58.0,4.165512
,,58.2,4.180165
,,58.4,4.194814
,,58.6,4.209468
,,58.8,4.224116
,,59.0,4.238762
,,59.2,4.253405
,,59.4,4.268046
,,59.6,4.282684
,,59.8,4.297319
,,60.0,4.311951
,,60.2,4.326579
,,60.4,4.341203
,,60.6,4.355824
,,60.8,4.370474
,,61.0,4.385190
,,61.2,4.399970
,,61.4,4.414816
,,61.6,4.429727
,,61.8,4.444703
,,62.0,4.459744
,,62.2,4.474850
,,62.4,4.490021
,,62.6,4.505257
,,62.8,4.520558
,,63.0,4.535923
,,63.2,4.551353
,,63.4,4.566849
,,63.6,4.582408
,,63.8,4.598032
,,64.0,4.613721
,,64.2,4.629475
,,64.4,4.645293
,,64.6,4.661175
,,64.8,4.677122
,,65.0,4.693133
,,65.2,4.709208
,,65.4,4.725348
,,65.6,4.741551
,,65.8,4.757819
,,66.0,4.774151
,,66.2,4.790547
,,66.4,4.807007
,,66.6,4.823531
,,66.8,4.840118
,,67.0,4.856770
,,67.2,4.873485
,,67.4,4.890264
,,67.6,4.907107
,,67.8,4.924013
,,68.0,4.940983
,,68.2,4.958016
,,68.4,4.975113
,,68.6,4.992273
,,68.8,5.009497
,,69.0,5.026784
,,69.2,5.044134
,,69.4,5.061547
,,69.6,5.079024
,,69.8,5.096563
,,70.0,5.114166
,,70.2,5.131832
,,70.4,5.149560
,,70.6,5.167351
,,70.8,5.185205
,,71.0,5.203123
,,71.2,5.221102
,,71.4,5.239144
,,71.6,5.257249
,,71.8,5.275417
,,72.0,5.293647
,,72.2,5.311939
,,72.4,5.330294
,,72.6,5.348711
,,72.8,5.367190
,,73.0,5.385732
,,73.2,5.404335
,,73.4,5.423001
,,73.6,5.441729
,,73.8,5.460519
,,74.0,5.479370
,,74.2,5.498284
,,74.4,5.517259
,,74.6,5.536296
,,74.8,5.555395
,,75.0,5.574555
,,75.2,5.593777
,,75.4,5.613060
,,75.6,5.632405
,,75.8,5.651812
,,76.0,5.671279
,,76.2,5.690808
,,76.4,5.710398
,,76.6,5.730049
,,76.8,5.749762
,,77.0,5.769535
,,77.2,5.789369
,,77.4,5.809264
,,77.6,5.829220
,,77.8,5.849237
,,78.0,5.869314
,,78.2,5.889452
,,78.4,5.909651
,,78.6,5.929910
,,78.8,5.950230
,,79.0,5.970610
,,79.2,5.991050
,,79.4,6.011551
,,79.6,6.032112
,,79.8,6.052733
,,80.0,6.073414
,,80.2,6.094155
,,80.4,6.114957
,,80.6,6.135818
,,80.8,6.156738
,,81.0,6.177719
,,81.2,6.198760
,,81.4,6.219860
,,81.6,6.241019
,,81.8,6.262238
,,82.0,6.283516
,,82.2,6.304854
,,82.4,6.326252
,,82.6,6.347708
,,82.8,6.369224
,,83.0,6.390798
,,83.2,6.412432
,,83.4,6.434124
,,83.6,6.455876
,,83.8,6.477687
,,84.0,6.499556
,,84.2,6.521484
,,84.4,6.543470
,,84.6,6.565516
,,84.8,6.587619
,,85.0,6.609781
,,85.2,6.632002
,,85.4,6.654281
,,85.6,6.676618
,,85.8,6.699013
,,86.0,6.721466
,,86.2,6.743977
,,86.4,6.766546
,,86.6,6.789173
,,86.8,6.811858
,,87.0,6.834601
,,87.2,6.857401
,,87.4,6.880259
,,87.6,6.903174
,,87.8,6.926147
,,88.0,6.949178
,,88.2,6.972265
,,88.4,6.995410
,,88.6,7.018612
,,88.8,7.041871
,,89.0,7.065187
,,89.2,7.088560
,,89.4,7.111990
,,89.6,7.135477
,,89.8,7.159020
,,90.0,7.182621
